<SOAP-ENV:Envelope

 xmlns:SOAP-ENV="http://schemas.xmlsoap.org/soap/envelope/">

      <SOAP-ENV:Header>

         <ns2:MessageHeader

             xmlns:ns2="http://csi.cingular.com/CSI/Namespaces/Types/Public/MessageHeader.xsd"

             xmlns="http://csi.cingular.com/CSI/Namespaces/Types/Public/CingularDataModel.xsd">

         <ns2:TrackingMessageHeader>

            <version>v94</version>

           <messageId>ns9799:-ffff</messageId>

           <originatorId>NS9799</originatorId>

           <timeToLive>300000</timeToLive>

           <conversationId></conversationId>

           <dateTimeStamp>2007-01-17T01:20:54.942Z</dateTimeStamp>

           <uniqueTransactionId>AjscCsiRestfulN/A@N/A5e22cfa6-7f3e-44dd-a0cf-77d7fb7284bb</uniqueTransactionId>

        </ns2:TrackingMessageHeader>

       <ns2:SecurityMessageHeader>

           <userName>eemsust</userName>

           <userPassword>eemsust</userPassword>

      </ns2:SecurityMessageHeader>

      <ns2:SequenceMessageHeader>

          <sequenceNumber>1</sequenceNumber>

         <totalInSequence>1</totalInSequence>

      </ns2:SequenceMessageHeader>

      </ns2:MessageHeader>

   </SOAP-ENV:Header>

  <SOAP-ENV:Body>

     <EchoResponse

             xmlns:ns2="http://csi.cingular.com/CSI/Namespaces/Types/Public/CingularDataModel.xsd"

             xmlns="http://csi.cingular.com/CSI/Namespaces/Container/Public/EchoResponse.xsd">

        <serviceEntity>String</serviceEntity>

        <data>String hello35 cstem</data>

        <Response>

            <ns2:code>0</ns2:code>

           <ns2:description>Success</ns2:description>

       </Response>

    </EchoResponse>

 </SOAP-ENV:Body>

</SOAP-ENV:Envelope>