<configuration>

  <appender name="STDOUT" class="ch.qos.logback.core.ConsoleAppender">
    <!-- encoders are assigned the type
         ch.qos.logback.classic.encoder.PatternLayoutEncoder by default -->
    <encoder>
      <pattern>%d{HH:mm:ss.SSS} [%thread] %-5level %logger{36} - %msg%n</pattern>
    </encoder>
  </appender>

  <logger name="org.camunda.optimize" level="info" />
  <logger name="org.elasticsearch" level="info" />
  <logger name="org.springframework" level="info" />

  <root level="info">
    <appender-ref ref="STDOUT" />
  </root>
</configuration>